in1,in2,in3,out1,out2,out3,out4,out5,out6,out7,out8
0.926758403,0.432298264,0.589343007,0.679528333,0.737281878,0.595174485,0.557879752,0.790566876,0.649466558,0.649466558,0.589343007
0.080094838,0.852325988,0.647255652,0.466210413,0.381755283,0.608000617,0.65856158,0.295158686,0.526558826,0.526558826,0.647255652
0.502864932,0.391398146,0.23168737,0.447131539,0.432277627,0.379337149,0.408230874,0.460685832,0.375316816,0.375316816,0.23168737
0.751935244,0.950149866,0.893508871,0.851042555,0.828792797,0.886435962,0.900179308,0.806901839,0.865197994,0.865197994,0.893508871
0.88903807,0.770569942,0.198899065,0.829804006,0.756598747,0.657269255,0.764817097,0.820566805,0.619502359,0.619502359,0.198899065
0.133003551,0.388476275,0.067659753,0.260739913,0.19666093,0.244403964,0.309493486,0.189271028,0.19637986,0.19637986,0.067659753
0.868266211,0.661264083,0.538346399,0.764765147,0.761991344,0.682285194,0.702740014,0.80015278,0.689292231,0.689292231,0.538346399
0.716623683,0.195326598,0.391527055,0.455975141,0.521239284,0.374700984,0.329525939,0.574842215,0.434492446,0.434492446,0.391527055
0.279412626,0.742775392,0.079637047,0.511094009,0.383262619,0.461150114,0.594740721,0.376687654,0.367275022,0.367275022,0.079637047
0.446888352,0.299307703,0.760415548,0.373098027,0.449512051,0.451479826,0.361156552,0.430606269,0.502203868,0.502203868,0.760415548
0.465874636,0.894839558,0.981798964,0.680357097,0.662139518,0.809338179,0.799021894,0.597156049,0.780837719,0.780837719,0.981798964
0.342796186,0.538834996,0.516280782,0.440815591,0.423590788,0.48418674,0.491381499,0.399127941,0.465970655,0.465970655,0.516280782
0.277252907,0.121506049,0.875267155,0.199379478,0.318184411,0.34888304,0.202491257,0.275783896,0.42467537,0.42467537,0.875267155
0.577038792,0.827445259,0.015061344,0.702242026,0.568301005,0.561747664,0.720738802,0.602900464,0.473181799,0.473181799,0.015061344
0.48097189,0.489546227,0.72354297,0.485259059,0.518074712,0.545901829,0.501293251,0.497258269,0.564687029,0.564687029,0.72354297
0.370994308,0.626127081,0.347846101,0.498560695,0.440582499,0.492773643,0.549726371,0.42966389,0.448322497,0.448322497,0.347846101
0.86031985,0.91383551,0.043702505,0.88707768,0.758950418,0.682923344,0.850059296,0.824875456,0.605952622,0.605952622,0.043702505
0.183318983,0.093375383,0.209668839,0.138347183,0.161385077,0.144934647,0.121379374,0.163705774,0.162121068,0.162121068,0.209668839
0.332641336,0.725287604,0.70268352,0.52896447,0.497689153,0.621475016,0.631570595,0.446795881,0.58687082,0.58687082,0.70268352
0.619574535,0.541299492,0.530468206,0.580437014,0.584480762,0.558160432,0.559080015,0.595915329,0.563780745,0.563780745,0.530468206
0.161662262,0.538612167,0.316962513,0.350137215,0.291547985,0.388962277,0.436879857,0.259491666,0.339078981,0.339078981,0.316962513
0.744082896,0.015293101,0.314138558,0.379687998,0.47443662,0.272201914,0.204352197,0.547312101,0.357838185,0.357838185,0.314138558
0.100861571,0.826559411,0.090327727,0.463710491,0.306698976,0.46107703,0.612499232,0.270994366,0.33924957,0.33924957,0.090327727
0.217436423,0.08187349,0.406583386,0.149654956,0.205725151,0.196941697,0.132871233,0.196665554,0.235297766,0.235297766,0.406583386
0.283354452,0.457155112,0.240659915,0.370254782,0.326912564,0.359581148,0.403525827,0.321737281,0.327056493,0.327056493,0.240659915
0.163253798,0.142510784,0.365156558,0.152882291,0.186170474,0.203357981,0.160488303,0.170249722,0.22364038,0.22364038,0.365156558
0.523142578,0.302866185,0.670330887,0.413004382,0.481233367,0.449801459,0.376311496,0.479970975,0.498779884,0.498779884,0.670330887
0.638434182,0.224962861,0.392840011,0.431698522,0.485214637,0.370299979,0.332125357,0.526700096,0.418745685,0.418745685,0.392840011
0.46909422,0.672021331,0.162268174,0.570557775,0.483241102,0.493851264,0.594288295,0.498793184,0.434461242,0.434461242,0.162268174
0.935753582,0.151835908,0.111080662,0.543794745,0.593966687,0.337626515,0.333889758,0.702792193,0.399556717,0.399556717,0.111080662
0.895629528,0.466642991,0.37324367,0.681136259,0.698435394,0.550539795,0.562086922,0.763962939,0.578505396,0.578505396,0.37324367
0.851735498,0.85822502,0.483490382,0.854980259,0.800983202,0.76291898,0.834654859,0.831600967,0.7311503,0.7311503,0.483490382
0.873962522,0.195365449,0.256079249,0.534663986,0.591808605,0.380193167,0.358606748,0.677946548,0.441802407,0.441802407,0.256079249
0.728697005,0.848600825,0.169776712,0.788648915,0.683109483,0.648918842,0.780457332,0.724032005,0.582358181,0.582358181,0.169776712
0.53681719,0.139218189,0.986217711,0.338017689,0.48741755,0.45036782,0.282594397,0.469699808,0.554084363,0.554084363,0.986217711
0.054518716,0.385604785,0.967336304,0.220061751,0.279517248,0.448266148,0.341921682,0.186116473,0.469153269,0.469153269,0.967336304
0.317309214,0.152299677,0.741889556,0.234804445,0.330817966,0.340949531,0.225807208,0.303458755,0.403832816,0.403832816,0.741889556
0.748118011,0.035398323,0.614420486,0.391758167,0.525384168,0.358333786,0.237157201,0.572554701,0.46597894,0.46597894,0.614420486
0.485376315,0.666919435,0.465921048,0.576147875,0.534466454,0.571284058,0.612379972,0.526947915,0.539405599,0.539405599,0.465921048
0.544199703,0.846467102,0.380397769,0.695333403,0.607161541,0.654382919,0.747929518,0.605686036,0.590354858,0.590354858,0.380397769
0.297844163,0.470191464,0.347138713,0.384017814,0.354128328,0.396341451,0.422400761,0.341296149,0.37172478,0.37172478,0.347138713
0.652169281,0.506591282,0.679464354,0.579380282,0.614474863,0.58620405,0.551013933,0.619521227,0.612741639,0.612741639,0.679464354
0.17484178,0.836283689,0.524790347,0.505562734,0.413817835,0.593049876,0.662327161,0.35106038,0.511971938,0.511971938,0.524790347
0.179178705,0.453078265,0.691131361,0.316128485,0.330571816,0.444116649,0.402634433,0.273740522,0.441129443,0.441129443,0.691131361
0.735350996,0.485483972,0.429863911,0.610417484,0.620319406,0.534045713,0.541004445,0.658588927,0.55023296,0.55023296,0.429863911
0.632307288,0.092148464,0.991059539,0.362227876,0.529226517,0.451915939,0.27212178,0.526314168,0.57183843,0.57183843,0.991059539
0.37489744,0.31999519,0.120189216,0.347446315,0.322824194,0.283769259,0.321160074,0.346996427,0.271693949,0.271693949,0.120189216
0.748861522,0.127104006,0.132481009,0.437982764,0.483162158,0.283887636,0.273716186,0.566307958,0.336148846,0.336148846,0.132481009
0.704860044,0.545776012,0.060153921,0.625318028,0.567306588,0.464141497,0.554641543,0.629504617,0.436929992,0.436929992,0.060153921
0.105521381,0.749625546,0.855467122,0.427573464,0.396686248,0.615059899,0.6042976,0.301189757,0.570204683,0.570204683,0.855467122
0.606903889,0.155343936,0.336855793,0.381123913,0.43930846,0.313611889,0.272270505,0.484769306,0.366367873,0.366367873,0.336855793
0.485866284,0.946702538,0.031269718,0.716284411,0.552591419,0.602635269,0.784421489,0.567557369,0.48794618,0.48794618,0.031269718
0.153983473,0.03999827,0.621077764,0.096990871,0.188144028,0.213764444,0.100999464,0.15463956,0.271686502,0.271686502,0.621077764
0.026448018,0.876671471,0.21545805,0.451559744,0.296370438,0.498812252,0.637723986,0.237618832,0.37285918,0.37285918,0.21545805
0.895878154,0.202660026,0.098901812,0.54926909,0.583962068,0.350025004,0.359666749,0.685887045,0.399146664,0.399146664,0.098901812
0.039605868,0.98291427,0.881583982,0.511260069,0.429405142,0.721754597,0.754998747,0.31108891,0.634701373,0.634701373,0.881583982
0.53752791,0.942002412,0.171099595,0.739765161,0.600745151,0.648158082,0.801484717,0.611143775,0.550209973,0.550209973,0.171099595
0.366175733,0.570034867,0.610817355,0.4681053,0.459370003,0.529265705,0.524466982,0.428533271,0.515675985,0.515675985,0.610817355
0.988149164,0.110910868,0.528758505,0.549530016,0.671882414,0.434682351,0.341899152,0.754717173,0.542606179,0.542606179,0.528758505
0.307241899,0.851811996,0.09047566,0.579526948,0.43186675,0.525335388,0.678893365,0.422625084,0.416509852,0.416509852,0.09047566
0.451662453,0.410046158,0.581728839,0.430854305,0.458352995,0.463370902,0.429937209,0.449521348,0.481145817,0.481145817,0.581728839
0.453019449,0.638438585,0.219604055,0.545729017,0.472651289,0.487375169,0.570173228,0.482917164,0.437020696,0.437020696,0.219604055
0.974699571,0.765814628,0.712126311,0.870257099,0.877507693,0.804613784,0.81180589,0.910104687,0.817546836,0.817546836,0.712126311
0.34147778,0.649911813,0.531553069,0.495694796,0.456755402,0.543213619,0.57037682,0.425231393,0.507647554,0.507647554,0.531553069
0.715060173,0.346364883,0.36418728,0.530712528,0.559593963,0.442994305,0.434165092,0.607668758,0.475204112,0.475204112,0.36418728
0.383829529,0.956652846,0.098733358,0.670241187,0.506765309,0.598967145,0.771405037,0.501841123,0.479738578,0.479738578,0.098733358
0.778243742,0.572897204,0.682811922,0.675570473,0.705940185,0.651712518,0.627679608,0.724313273,0.677984289,0.677984289,0.682811922
0.783286118,0.241447235,0.181161897,0.512366676,0.542457263,0.361835621,0.36539254,0.620375544,0.401965083,0.401965083,0.181161897
0.368015455,0.874112173,0.333531191,0.621063814,0.507688194,0.612442748,0.723231711,0.485068549,0.525219606,0.525219606,0.333531191
0.077505596,0.789368606,0.628322055,0.433437101,0.359583093,0.571141216,0.612398101,0.277403743,0.498398753,0.498398753,0.628322055
0.052769004,0.470746682,0.516239066,0.261757843,0.238401206,0.377625358,0.375075015,0.178379638,0.346584917,0.346584917,0.516239066
0.489223758,0.276295616,0.26706596,0.382759687,0.396650318,0.327220237,0.325853434,0.426054913,0.344195111,0.344195111,0.26706596
0.805405152,0.951670966,0.742346795,0.878538059,0.838187048,0.86277347,0.904942294,0.836111323,0.833140971,0.833140971,0.742346795
0.971176775,0.472193034,0.164571319,0.721684904,0.713380641,0.520033541,0.571505578,0.806321456,0.535980376,0.535980376,0.164571319
0.841227363,0.490998779,0.433493856,0.666113071,0.682914409,0.564179694,0.570022862,0.734836313,0.588573333,0.588573333,0.433493856
0.078656626,0.360933082,0.592746392,0.219794854,0.232748437,0.348317296,0.308151169,0.17531519,0.344112033,0.344112033,0.592746392
0.429928955,0.738625397,0.409075115,0.584277176,0.515148818,0.579063716,0.646605629,0.501336715,0.525876489,0.525876489,0.409075115
0.285200662,0.110341082,0.120532275,0.197770872,0.211716727,0.156603775,0.152083994,0.234370856,0.172024673,0.172024673,0.120532275
0.321788239,0.29441326,0.753091561,0.30810075,0.375581577,0.41592658,0.327835508,0.340717851,0.45643102,0.45643102,0.753091561
0.994931509,0.989932533,0.452105726,0.992432021,0.915956689,0.856725575,0.959471892,0.961824351,0.812323256,0.812323256,0.452105726
0.838769033,0.424610319,0.776568233,0.631689676,0.711552143,0.616139476,0.542762835,0.737661053,0.679982528,0.679982528,0.776568233
0.627311992,0.037502701,0.437959731,0.332407346,0.431744729,0.285069281,0.199837654,0.477394967,0.367591475,0.367591475,0.437959731
0.734372585,0.542866116,0.667681333,0.638619351,0.670129129,0.621946538,0.595268533,0.685389225,0.648306678,0.648306678,0.667681333
0.504731044,0.907487698,0.658797684,0.706109371,0.641813894,0.744626031,0.798092602,0.608560059,0.690338809,0.690338809,0.658797684
0.254742744,0.345188535,0.257369313,0.29996564,0.280959623,0.300622282,0.318741336,0.276178611,0.285766864,0.285766864,0.257369313
0.76011905,0.922311595,0.661103291,0.841215322,0.792314669,0.816461383,0.868783449,0.792457545,0.781177979,0.781177979,0.661103291
0.808737477,0.250389192,0.381863168,0.529563334,0.588227351,0.422844757,0.389499022,0.652251156,0.480329945,0.480329945,0.381863168
0.625138573,0.673240716,0.47879832,0.649189644,0.617976292,0.612604581,0.650484777,0.627848474,0.592392536,0.592392536,0.47879832
0.870593273,0.54304681,0.469213865,0.706820041,0.719668654,0.606475189,0.615773452,0.769912963,0.627617983,0.627617983,0.469213865
0.221290173,0.652834868,0.037696206,0.43706252,0.318360948,0.391164029,0.515110312,0.312030456,0.303940416,0.303940416,0.037696206
0.328431001,0.84632207,0.773085309,0.587376535,0.539921922,0.698540112,0.720157303,0.476443859,0.64927946,0.64927946,0.773085309
0.248760782,0.947772074,0.025976926,0.598266428,0.416652029,0.542570464,0.729075585,0.400129094,0.407503261,0.407503261,0.025976926
0.897990271,0.326006611,0.746393685,0.611998441,0.712909713,0.574099295,0.485319653,0.754488434,0.656796856,0.656796856,0.746393685
0.182502685,0.080397816,0.657884186,0.131450251,0.221241508,0.250295626,0.138392278,0.186441628,0.306928229,0.306928229,0.657884186
0.828343755,0.679886376,0.047253765,0.754115065,0.674343077,0.558842568,0.677603841,0.747466137,0.518494632,0.518494632,0.047253765
0.081867645,0.614210739,0.665181635,0.348039192,0.317296242,0.49386769,0.491951829,0.241437431,0.45375334,0.45375334,0.665181635
0.348077834,0.139592751,0.114286821,0.243835292,0.255111951,0.185387539,0.18715948,0.285270108,0.200652469,0.200652469,0.114286821
0.631797986,0.584542253,0.516574224,0.608170119,0.60183581,0.579364179,0.591663129,0.613901121,0.577638154,0.577638154,0.516574224
0.45825705,0.07563437,0.456455286,0.26694571,0.34867889,0.266495269,0.188064466,0.368122198,0.330115569,0.330115569,0.456455286
0.959177822,0.323253464,0.205423188,0.641215643,0.669805915,0.452776985,0.465951532,0.765210054,0.495951492,0.495951492,0.205423188
0.730255881,0.242830735,0.240124689,0.486543308,0.520972812,0.36401051,0.357359826,0.586736365,0.404403769,0.404403769,0.240124689
0.744358271,0.364611437,0.86942448,0.554484854,0.653725777,0.585751406,0.483658518,0.662362911,0.659464729,0.659464729,0.86942448
0.230342544,0.186395877,0.954164845,0.20836921,0.321189539,0.389324786,0.24189915,0.262579934,0.456967755,0.456967755,0.954164845
0.15784173,0.316952913,0.387134701,0.237397322,0.236058207,0.294720564,0.283643328,0.208767477,0.287309781,0.287309781,0.387134701
0.59913455,0.024843748,0.435346199,0.311989149,0.411653128,0.271042061,0.184118198,0.454372694,0.353108166,0.353108166,0.435346199
0.165435534,0.698828743,0.467119881,0.432132138,0.360931358,0.507553225,0.559694525,0.308685957,0.443794719,0.443794719,0.467119881
0.137615282,0.833205038,0.401701859,0.48541016,0.374081866,0.551431804,0.64415432,0.316817965,0.457507393,0.457507393,0.401701859
0.28250412,0.060214147,0.886446601,0.171359133,0.305270196,0.322344754,0.161119579,0.265726625,0.409721623,0.409721623,0.886446601
0.309629548,0.258766753,0.634499665,0.284198151,0.341507338,0.36541568,0.292836406,0.316771838,0.400965322,0.400965322,0.634499665
0.395016454,0.947392768,0.157686828,0.671204611,0.518934026,0.611872205,0.77096858,0.511026785,0.500032017,0.500032017,0.157686828
0.431560504,0.152162036,0.014896065,0.29186127,0.292208879,0.18769516,0.209828383,0.341310015,0.199539535,0.199539535,0.014896065
0.327203812,0.317913978,0.295624133,0.322558895,0.320038191,0.314663975,0.318788654,0.32316034,0.313580641,0.313580641,0.295624133
0.539799442,0.57758591,0.415393769,0.558692676,0.532823337,0.527591258,0.559154263,0.541372395,0.510926374,0.510926374,0.415393769
0.317429672,0.104245242,0.993437935,0.210837457,0.353092444,0.379839522,0.206711737,0.307033821,0.471704283,0.471704283,0.993437935
0.813193417,0.261937495,0.060505129,0.537565456,0.548164827,0.349393384,0.379795808,0.63921036,0.378545347,0.378545347,0.060505129
0.993987967,0.563429586,0.102890753,0.778708776,0.743671684,0.555934473,0.63764692,0.840262629,0.553436102,0.553436102,0.102890753
0.987718553,0.7249224,0.01202155,0.856320476,0.773248651,0.612396225,0.744821444,0.868490222,0.574887501,0.574887501,0.01202155
0.036793324,0.493279425,0.430177501,0.265036374,0.223415664,0.363382419,0.382159053,0.167342064,0.320083416,0.320083416,0.430177501
0.218748214,0.151026273,0.721945371,0.184887243,0.271284396,0.310686533,0.200544324,0.232413472,0.363906619,0.363906619,0.721945371
0.445094054,0.88112843,0.382954324,0.663111242,0.5607982,0.64757631,0.749227747,0.544035099,0.569725603,0.569725603,0.382954324
0.241361534,0.481987896,0.084431333,0.361674715,0.287693323,0.322442165,0.401984248,0.288748313,0.269260254,0.269260254,0.084431333
0.589689463,0.873560628,0.219667796,0.731625046,0.617935272,0.639119629,0.768303129,0.634716698,0.560972629,0.560972629,0.219667796
0.662393637,0.861340705,0.139708211,0.761867171,0.64456631,0.631195814,0.77208066,0.678458511,0.554480851,0.554480851,0.139708211
0.515585836,0.464482574,0.481488614,0.490034205,0.496113872,0.4815099,0.477507227,0.50155582,0.487185675,0.487185675,0.481488614
0.38058469,0.871526293,0.580248451,0.626055491,0.549377114,0.675971432,0.738876631,0.507845289,0.610786478,0.610786478,0.580248451
0.886117866,0.038823246,0.509043676,0.462470556,0.590165948,0.368202008,0.265846711,0.664573592,0.477994929,0.477994929,0.509043676
0.836374557,0.200041748,0.518471137,0.518208153,0.609150409,0.438732298,0.368498255,0.667948989,0.518295814,0.518295814,0.518471137
0.927466893,0.613403506,0.774914881,0.770435199,0.815941352,0.732297197,0.696801443,0.844595977,0.771928427,0.771928427,0.774914881
0.823316398,0.655817154,0.390805004,0.739566776,0.713672129,0.631438928,0.679639791,0.758462965,0.623312852,0.623312852,0.390805004
0.806087569,0.204535539,0.621502729,0.505311554,0.607846298,0.459165344,0.370604675,0.653687983,0.544041946,0.544041946,0.621502729
0.718090187,0.59768437,0.261717223,0.657887278,0.618492387,0.543794037,0.606252377,0.662913938,0.525830593,0.525830593,0.261717223
0.094836606,0.015351749,0.272931659,0.055094178,0.097568797,0.099617941,0.049205828,0.086610466,0.127706671,0.127706671,0.272931659
0.078246548,0.017012244,0.088233372,0.047629396,0.062177722,0.050126102,0.035609794,0.064425937,0.061164055,0.061164055,0.088233372
0.102159096,0.810811514,0.343432397,0.456485305,0.33909883,0.51680363,0.61657688,0.283093389,0.418801002,0.418801002,0.343432397
0.161759088,0.587897777,0.864528332,0.374828432,0.383908605,0.550520743,0.503902235,0.303366382,0.538061732,0.538061732,0.864528332
0.973380942,0.109883818,0.296570303,0.54163238,0.629980244,0.37242972,0.32404117,0.730392757,0.459945021,0.459945021,0.296570303
0.014993914,0.793142343,0.715288981,0.404068128,0.337364189,0.579141895,0.605468985,0.239281489,0.507808413,0.507808413,0.715288981
0.223036699,0.713609427,0.093179638,0.468323063,0.344649327,0.435858798,0.56168468,0.330826926,0.343275255,0.343275255,0.093179638
0.525637109,0.463169274,0.875366482,0.494403192,0.557750495,0.581835535,0.502114483,0.531511111,0.621390955,0.621390955,0.875366482
0.09667316,0.209593023,0.780002207,0.153133091,0.226554413,0.323965353,0.216577125,0.163438365,0.362089463,0.362089463,0.780002207
0.374591354,0.761965467,0.181599517,0.56827841,0.457699409,0.520030451,0.636679444,0.454385743,0.439385446,0.439385446,0.181599517
0.45636445,0.251502852,0.428253761,0.353933651,0.393816752,0.346905979,0.310102693,0.406508151,0.378707021,0.378707021,0.428253761
0.590483833,0.111949401,0.385320498,0.351216617,0.424450662,0.299925783,0.240626391,0.465819065,0.362584577,0.362584577,0.385320498
0.235894705,0.592111601,0.419274627,0.414003153,0.363868093,0.459848133,0.49812898,0.330497499,0.415760311,0.415760311,0.419274627
0.194494381,0.445087812,0.197105389,0.319791096,0.266465505,0.320443848,0.37153745,0.25361113,0.27889586,0.27889586,0.197105389
0.839248335,0.948185798,0.540013482,0.893717066,0.827625488,0.818908353,0.898543317,0.847278629,0.775815872,0.775815872,0.540013482
0.590792567,0.453862839,0.257179246,0.522327703,0.504010741,0.438924372,0.474511975,0.538949494,0.433944884,0.433944884,0.257179246
0.932924973,0.076940187,0.979664086,0.50493258,0.695034907,0.516617358,0.331449777,0.734266147,0.663176415,0.663176415,0.979664086
0.739146557,0.631893453,0.785542882,0.685520005,0.715130859,0.697119086,0.666167679,0.716639728,0.718860964,0.718860964,0.785542882
0.904310708,0.303203141,0.71992875,0.603756925,0.70622541,0.557661435,0.469153487,0.752027636,0.642480867,0.642480867,0.71992875
0.584504265,0.975811065,0.197582405,0.780157665,0.641031656,0.6834272,0.837960721,0.653816344,0.585965912,0.585965912,0.197582405
0.962485599,0.999121797,0.747786031,0.980803698,0.942281717,0.927128806,0.975717058,0.958476494,0.903131142,0.903131142,0.747786031
0.8161657,0.735388006,0.834927565,0.775776853,0.795766625,0.780467319,0.76024979,0.798262823,0.795493757,0.795493757,0.834927565
0.353559908,0.260830023,0.387212526,0.307194966,0.331873172,0.31560812,0.290083085,0.333720678,0.333867486,0.333867486,0.387212526
0.000384755,0.047464371,0.472301646,0.023924563,0.081252773,0.141903786,0.061377243,0.039222129,0.173383591,0.173383591,0.472301646
0.359226286,0.023585413,0.166567211,0.19140585,0.235806169,0.143241081,0.11097043,0.268919076,0.183126304,0.183126304,0.166567211
0.292407746,0.037250104,0.220633298,0.164828925,0.20925207,0.146885313,0.108074443,0.228148627,0.183430383,0.183430383,0.220633298
0.552541449,0.51714441,0.66824541,0.534842929,0.558957147,0.56376892,0.534361419,0.551018849,0.579310423,0.579310423,0.66824541
0.263510613,0.425951644,0.373933504,0.344731128,0.325697035,0.372336851,0.384670334,0.308227496,0.354465253,0.354465253,0.373933504
0.010262982,0.74070077,0.027791214,0.375481876,0.221463526,0.379863934,0.526897199,0.183161769,0.259584989,0.259584989,0.027791214
0.130428178,0.065900767,0.042634105,0.098164472,0.099449764,0.076215954,0.07971506,0.1100809,0.07965435,0.07965435,0.042634105
0.070622778,0.697951638,0.706952947,0.384287208,0.340763905,0.54336975,0.550874336,0.255660755,0.491842454,0.491842454,0.706952947
0.597797897,0.579099885,0.033695772,0.588448891,0.51186959,0.44742336,0.551416823,0.560215887,0.403531185,0.403531185,0.033695772
0.995401847,0.340688158,0.783838589,0.668045002,0.77811747,0.615154188,0.52080611,0.828906669,0.706642865,0.706642865,0.783838589
0.301408783,0.130353892,0.472799451,0.215881338,0.277020338,0.258729005,0.190745958,0.271242378,0.301520709,0.301520709,0.472799451
0.538017152,0.516448172,0.784584408,0.527232662,0.56707848,0.588874476,0.537295946,0.547446054,0.613016577,0.613016577,0.784584408
0.290563235,0.426611146,0.970387064,0.35858719,0.426551757,0.528543148,0.426586691,0.362564145,0.562520482,0.562520482,0.970387064
0.192992095,0.039267003,0.276903176,0.116129549,0.161057937,0.137107319,0.089416211,0.161757431,0.169720758,0.169720758,0.276903176
0.858763367,0.141882152,0.34558245,0.500322759,0.580628603,0.37202753,0.322542455,0.659898321,0.448742656,0.448742656,0.34558245
0.650644338,0.372079999,0.423430635,0.511362168,0.538595426,0.454558743,0.440645175,0.571734276,0.482051657,0.482051657,0.423430635
0.95829164,0.995078821,0.791895774,0.97668523,0.945031425,0.935086264,0.974471069,0.957159455,0.915088745,0.915088745,0.791895774
0.526143493,0.471769355,0.580260782,0.498956424,0.518339066,0.512485746,0.490945119,0.516532948,0.526057877,0.526057877,0.580260782
0.456144538,0.122551329,0.685647025,0.289347933,0.393618262,0.346723555,0.234167125,0.391152164,0.421447631,0.421447631,0.685647025
0.922517402,0.452744376,0.292791857,0.687630889,0.698335745,0.530199503,0.553870234,0.774939893,0.556017878,0.556017878,0.292791857
0.714595113,0.088967963,0.31792618,0.401781538,0.479177508,0.302614305,0.249642482,0.544055258,0.373829752,0.373829752,0.31792618
0.780907348,0.541134644,0.14303744,0.661020996,0.621276588,0.501553519,0.574134268,0.686968482,0.488359811,0.488359811,0.14303744
0.916670626,0.333633549,0.743510471,0.625152087,0.725351439,0.581862049,0.494929151,0.76929954,0.664604882,0.664604882,0.743510471
0.207614839,0.769133767,0.364466533,0.488374303,0.390456203,0.527587226,0.613207711,0.34896351,0.447071713,0.447071713,0.364466533
0.072795429,0.056429803,0.798921413,0.064612616,0.171851819,0.246144112,0.103956516,0.111657987,0.309382215,0.309382215,0.798921413
0.129149227,0.392767826,0.846949738,0.260958526,0.307011757,0.440408654,0.357456504,0.233400692,0.45628893,0.45628893,0.846949738
0.583788693,0.193924785,0.86045646,0.388856739,0.511922972,0.458023681,0.324865215,0.508330583,0.546056646,0.546056646,0.86045646
0.969794496,0.417970914,0.356389284,0.693882705,0.7245013,0.540531402,0.544189308,0.803870994,0.581384898,0.581384898,0.356389284
0.495970155,0.776493399,0.900870704,0.636231777,0.633962589,0.737456914,0.717804242,0.585793303,0.724444752,0.724444752,0.900870704
0.840795126,0.585924012,0.919956715,0.713359569,0.779283606,0.733149966,0.665542668,0.785482016,0.782225284,0.782225284,0.919956715
0.413356038,0.465042588,0.598230563,0.439199313,0.45453427,0.485417944,0.460715634,0.436392551,0.49220973,0.49220973,0.598230563
0.266788402,0.381296805,0.000377946,0.324042603,0.261446452,0.257439989,0.331946659,0.278060352,0.216154384,0.216154384,0.000377946
0.053845958,0.019043812,0.73909791,0.036444885,0.141795624,0.207757873,0.069588675,0.085966156,0.27066256,0.27066256,0.73909791
0.665620067,0.027097202,0.108787271,0.346358634,0.40363742,0.207150435,0.182143174,0.482624523,0.26716818,0.26716818,0.108787271
0.761074106,0.509723763,0.475228764,0.635398935,0.648424674,0.563937599,0.566835903,0.685118417,0.582008878,0.582008878,0.475228764
0.715851776,0.906429525,0.060349196,0.81114065,0.676659336,0.647265005,0.81181827,0.722134624,0.560876832,0.560876832,0.060349196
0.802699643,0.344969817,0.909645228,0.57383473,0.687197633,0.600571126,0.485887153,0.701289424,0.685771563,0.685771563,0.909645228
0.15878328,0.376309818,0.731060311,0.267546549,0.302687581,0.410615806,0.345994779,0.243629349,0.422051136,0.422051136,0.731060311
0.095157826,0.01688146,0.118797796,0.056019643,0.076170289,0.061929635,0.041294507,0.078130444,0.076945694,0.076945694,0.118797796
0.7598091,0.173050158,0.118082992,0.466429629,0.50048853,0.305998102,0.307877723,0.583999578,0.350314083,0.350314083,0.118082992
0.520956612,0.619330508,0.603681208,0.57014356,0.560881239,0.590824709,0.595263162,0.548969564,0.581322776,0.581322776,0.603681208
0.987486761,0.206115875,0.269961313,0.596801318,0.661734301,0.417419956,0.393723462,0.761427409,0.48785465,0.48785465,0.269961313
0.088947334,0.361047297,0.993784484,0.224997316,0.295952631,0.451206603,0.334243611,0.20619657,0.481259705,0.481259705,0.993784484
0.398504478,0.492441761,0.017688521,0.44547312,0.370941422,0.35026913,0.44241221,0.398206429,0.302878253,0.302878253,0.017688521
0.471075909,0.844164279,0.259687612,0.657620094,0.547474258,0.60477302,0.7219978,0.546426802,0.524975934,0.524975934,0.259687612
0.783678276,0.8504825,0.352941943,0.817080388,0.741231435,0.709396305,0.805496768,0.774059485,0.662367573,0.662367573,0.352941943
0.472136114,0.055714359,0.119156677,0.263925237,0.302732836,0.175680377,0.157427849,0.353391029,0.21566905,0.21566905,0.119156677
0.94922561,0.944731496,0.945311196,0.946978553,0.947382376,0.94599995,0.945823035,0.947937912,0.946422767,0.946422767,0.945311196
0.354376562,0.233940056,0.793183918,0.294158309,0.382652897,0.403860148,0.295174755,0.351850758,0.460500179,0.460500179,0.793183918
0.830815285,0.968027103,0.98166337,0.899421194,0.891568388,0.937133215,0.936544102,0.871973835,0.926835253,0.926835253,0.98166337
0.565489747,0.917703258,0.500197136,0.741596503,0.656794663,0.72527335,0.810270307,0.644522773,0.661130047,0.661130047,0.500197136
0.786121172,0.994378743,0.69101511,0.890249957,0.832036755,0.866473442,0.927532042,0.829528479,0.823838342,0.823838342,0.69101511
0.006420862,0.845309279,0.480016462,0.42586507,0.313759781,0.54426397,0.626435956,0.231664936,0.443915534,0.443915534,0.480016462
0.96870264,0.301102799,0.82921108,0.634902719,0.758032463,0.600029829,0.489250307,0.803414939,0.699672173,0.699672173,0.82921108
0.251518373,0.147989605,0.5832739,0.199753989,0.269332372,0.282692871,0.197954274,0.246673694,0.327593959,0.327593959,0.5832739
0.11789276,0.73287362,0.473097232,0.42538319,0.344345073,0.514184308,0.572891277,0.283488519,0.44128787,0.44128787,0.473097232
0.199726872,0.637122301,0.40880662,0.418424587,0.35456553,0.470694524,0.520775396,0.314942253,0.415218598,0.415218598,0.40880662
0.388713944,0.946904344,0.805155968,0.667809144,0.607688633,0.77191965,0.807227287,0.544549451,0.713591419,0.713591419,0.805155968
0.931337025,0.545594185,0.416910881,0.738465605,0.747635336,0.609859069,0.6287876,0.810313643,0.631280697,0.631280697,0.416910881
0.215546658,0.057436902,0.086058117,0.13649178,0.151874079,0.104119644,0.096322798,0.170727389,0.119680559,0.119680559,0.086058117
0.912876434,0.319633571,0.624502236,0.616255003,0.70218216,0.544161453,0.477153578,0.75632669,0.619004081,0.619004081,0.624502236
0.657713491,0.741606545,0.211096367,0.699660018,0.617880489,0.588005737,0.690660522,0.651181438,0.536805468,0.536805468,0.211096367
0.72322354,0.018398055,0.837721076,0.370810798,0.538201621,0.399435182,0.232434818,0.564117399,0.526447557,0.526447557,0.837721076
0.269936264,0.556768357,0.793734466,0.413352311,0.426716605,0.544301861,0.503217636,0.368237827,0.540146362,0.540146362,0.793734466
0.909841278,0.050785202,0.93536736,0.48031324,0.668043268,0.48669476,0.304950288,0.709211971,0.631997947,0.631997947,0.93536736
0.93134622,0.318898946,0.53949889,0.625122583,0.700383095,0.52716075,0.475980654,0.764191136,0.596581352,0.596581352,0.53949889
0.178281032,0.899525566,0.549005531,0.538903299,0.437311541,0.631584424,0.709202144,0.369792952,0.542270709,0.542270709,0.549005531
0.635886237,0.216391823,0.644108645,0.42613903,0.51720532,0.428194632,0.340256204,0.53766534,0.498795568,0.498795568,0.644108645
0.03448908,0.166315268,0.044949502,0.100402174,0.073648051,0.103017279,0.128158178,0.066122325,0.08191795,0.08191795,0.044949502
0.32060538,0.749068719,0.32281416,0.53483705,0.443339017,0.535389245,0.623180018,0.421550212,0.464162753,0.464162753,0.32281416
0.521850456,0.118937521,0.589896976,0.320393988,0.416453406,0.337405618,0.241444062,0.431050149,0.410228317,0.410228317,0.589896976
0.30539907,0.131799589,0.639437393,0.218599329,0.303518978,0.30210891,0.202507573,0.284201446,0.358878684,0.358878684,0.639437393
0.945105805,0.865500685,0.663921081,0.905303245,0.882192239,0.835007064,0.872373678,0.909834911,0.824842524,0.824842524,0.663921081
0.081145218,0.86912092,0.12284635,0.475133069,0.312238437,0.485558352,0.639816368,0.269004273,0.357704162,0.357704162,0.12284635
0.561513829,0.084228926,0.466986709,0.322871377,0.411642839,0.299239597,0.21904642,0.44365108,0.370909821,0.370909821,0.466986709
0.505890565,0.10443135,0.279814224,0.305160957,0.358891312,0.248641872,0.209208981,0.398130965,0.296712046,0.296712046,0.279814224
0.803714577,0.8913543,0.633829692,0.847534438,0.804485229,0.805063217,0.855584682,0.81434246,0.776299523,0.776299523,0.633829692
0.16404121,0.573243928,0.596597399,0.368642569,0.342750014,0.476781616,0.478334669,0.285768684,0.444627512,0.444627512,0.596597399
0.440700138,0.27010503,0.709495986,0.355402584,0.430358085,0.422601546,0.336091582,0.416371633,0.473433718,0.473433718,0.709495986
0.148614719,0.490292875,0.914267634,0.319453797,0.355616037,0.510867026,0.434837706,0.274047986,0.517725076,0.517725076,0.914267634
0.527049789,0.198819667,0.746475341,0.362934728,0.464616262,0.417791116,0.308265323,0.462726557,0.490781599,0.490781599,0.746475341
0.20742273,0.834071567,0.39443972,0.520747149,0.413181968,0.567501396,0.660764085,0.365870515,0.478644672,0.478644672,0.39443972
0.390274676,0.065135196,0.119968024,0.227704936,0.258762446,0.160128273,0.144864063,0.297870878,0.191792632,0.191792632,0.119968024
0.633818412,0.479939918,0.301405955,0.556879165,0.542365634,0.473776051,0.505644624,0.578058034,0.471721428,0.471721428,0.301405955
0.561018678,0.527688704,0.133784408,0.544353691,0.490462361,0.437545124,0.51236021,0.528044903,0.407497263,0.407497263,0.133784408
0.575215637,0.995982135,0.092767792,0.785598886,0.626513516,0.664986925,0.843847998,0.645840234,0.554655188,0.554655188,0.092767792
0.221853323,0.391491117,0.275041924,0.30667222,0.277919636,0.31996937,0.34472639,0.26489684,0.296128788,0.296128788,0.275041924
0.36960165,0.20704892,0.28247278,0.288325285,0.310711032,0.266543068,0.249733319,0.326228721,0.28637445,0.28637445,0.28247278
0.99332328,0.087147777,0.507012827,0.540235528,0.664943071,0.418657915,0.325063487,0.751499017,0.529161295,0.529161295,0.507012827
0.76914831,0.858497453,0.861985344,0.813822882,0.80793907,0.83703214,0.837679295,0.79563264,0.829877036,0.829877036,0.861985344
0.72417238,0.885669188,0.610334212,0.804920784,0.75405173,0.776461242,0.831473764,0.755475266,0.740058593,0.740058593,0.610334212
0.832651017,0.043595337,0.036869917,0.438123177,0.493523523,0.239177902,0.228859884,0.600180204,0.30437209,0.30437209,0.036869917
0.137544438,0.486069192,0.864583047,0.311806815,0.340985597,0.493566467,0.426328888,0.262317239,0.496065559,0.496065559,0.864583047
0.035356684,0.622838147,0.739836785,0.329097416,0.303848545,0.505217441,0.491489488,0.215027623,0.466010539,0.466010539,0.739836785
0.979388008,0.676931198,0.668135662,0.828159603,0.848507156,0.750346517,0.747580122,0.889912739,0.77481829,0.77481829,0.668135662
0.126214939,0.681928954,0.679285513,0.404071946,0.364000454,0.54233959,0.551017219,0.289504741,0.495809802,0.495809802,0.679285513
0.519661631,0.773285277,0.8515126,0.646473454,0.639532811,0.729436196,0.718210732,0.598858428,0.714819836,0.714819836,0.8515126
0.974898727,0.241852532,0.877973811,0.60837563,0.75161054,0.584144401,0.451752889,0.796715804,0.69824169,0.69824169,0.877973811
0.977916455,0.009198348,0.092513865,0.493557402,0.574653769,0.272206754,0.242032933,0.697900277,0.359876223,0.359876223,0.092513865
0.364572494,0.426494189,0.642463898,0.395533341,0.421963179,0.465006192,0.424628479,0.395488858,0.477843527,0.477843527,0.642463898
0.950414988,0.646755305,0.26126457,0.798585146,0.765205019,0.626297542,0.695528717,0.838427391,0.619478288,0.619478288,0.26126457
0.148995012,0.066014178,0.820586676,0.107504595,0.221227868,0.275402511,0.129925697,0.168975501,0.345198622,0.345198622,0.820586676
0.66650575,0.642699225,0.163031775,0.654602487,0.587779032,0.528733994,0.620085028,0.631288098,0.490745583,0.490745583,0.163031775
0.275449543,0.406187554,0.967369537,0.340818548,0.411648974,0.513798547,0.408436374,0.346912604,0.549668878,0.549668878,0.967369537
0.434238054,0.226134268,0.696085364,0.330186161,0.412186588,0.395647988,0.302744047,0.40067524,0.452152562,0.452152562,0.696085364
0.074893287,0.877052778,0.177518819,0.475973032,0.318742503,0.501629415,0.647160312,0.269673493,0.376488295,0.376488295,0.177518819
0.124364375,0.698137401,0.017829668,0.411250888,0.273080282,0.384617211,0.523113881,0.253103046,0.280110482,0.280110482,0.017829668
0.451037846,0.873214978,0.656718243,0.662126412,0.601042798,0.713546512,0.761144081,0.562472489,0.660323689,0.660323689,0.656718243
0.122637866,0.406466063,0.447250215,0.264551965,0.25010483,0.345705052,0.342082026,0.208515816,0.325451382,0.325451382,0.447250215
0.67959703,0.191292999,0.217388505,0.435445014,0.474051803,0.319892883,0.307723095,0.537513227,0.362759511,0.362759511,0.217388505
0.019266927,0.642180237,0.071179096,0.330723582,0.204658182,0.343701624,0.462024097,0.168888421,0.244208753,0.244208753,0.071179096
0.369653937,0.21098607,0.070229812,0.290320004,0.281545386,0.215463972,0.240039906,0.314707138,0.216956606,0.216956606,0.070229812
0.433625114,0.123932058,0.085687121,0.278778586,0.295435956,0.191794088,0.19455131,0.340289219,0.214414765,0.214414765,0.085687121
0.807812434,0.741502248,0.017154538,0.774657341,0.675915539,0.576992867,0.714495956,0.74570075,0.522156407,0.522156407,0.017154538
0.324155529,0.398099434,0.630181115,0.361127481,0.3890003,0.437633878,0.394352732,0.3595556,0.450812026,0.450812026,0.630181115
0.221138172,0.848742235,0.232212504,0.534940204,0.402035666,0.537708787,0.664804236,0.369461148,0.43403097,0.43403097,0.232212504
0.052392407,0.705603634,0.285208723,0.37899802,0.27228366,0.437202099,0.527177762,0.219784244,0.347734921,0.347734921,0.285208723
0.804978892,0.208672526,0.902216693,0.506825709,0.648496759,0.531135159,0.389776622,0.670391382,0.638622704,0.638622704,0.902216693
0.80794661,0.329482571,0.734201881,0.568714591,0.660707638,0.550278408,0.465869363,0.691028911,0.623877021,0.623877021,0.734201881
0.436986416,0.913449159,0.597318517,0.675217788,0.596023214,0.715300813,0.782744358,0.558526597,0.649251364,0.649251364,0.597318517
0.66236684,0.89440344,0.483743658,0.77838514,0.703145414,0.733729344,0.815650135,0.706456441,0.680171313,0.680171313,0.483743658
0.068554967,0.329617728,0.187226305,0.199086347,0.160097376,0.228754182,0.25981523,0.136962166,0.195133,0.195133,0.187226305
0.243147803,0.688094158,0.914946882,0.465620981,0.46624663,0.63357075,0.596745176,0.387358656,0.615396281,0.615396281,0.914946882
0.167821413,0.205346938,0.628525871,0.186584175,0.244357914,0.30176029,0.221410281,0.20375121,0.333898074,0.333898074,0.628525871
0.628635384,0.590326454,0.109069359,0.609480919,0.543466258,0.479589413,0.571031079,0.589058811,0.442677066,0.442677066,0.109069359
0.882131343,0.414146692,0.802149552,0.648139017,0.736995472,0.628143569,0.547084425,0.767312496,0.699475862,0.699475862,0.802149552
0.396136197,0.473577101,0.883093631,0.434856649,0.487827517,0.556596007,0.479444919,0.443002141,0.584268976,0.584268976,0.883093631
0.288614455,0.142646707,0.375566094,0.215630581,0.259331047,0.237368491,0.1906932,0.259383904,0.268942418,0.268942418,0.375566094
0.890126768,0.039528203,0.414373612,0.464827485,0.57913387,0.345889196,0.261718772,0.662000449,0.448009527,0.448009527,0.414373612
0.532079571,0.872507381,0.200698391,0.702293476,0.582004491,0.619448181,0.752888544,0.592687222,0.535095114,0.535095114,0.200698391
0.122919553,0.987247288,0.400563,0.555083421,0.409533684,0.624494282,0.749365216,0.342622752,0.503576614,0.503576614,0.400563
0.236135469,0.154439408,0.3626276,0.195287439,0.230864042,0.226910471,0.185908375,0.22435358,0.251067493,0.251067493,0.3626276
0.618463673,0.575078608,0.821476796,0.59677114,0.635069815,0.647524421,0.599780869,0.620197371,0.671673026,0.671673026,0.821476796
0.459626794,0.498638036,0.696945883,0.479132415,0.50467559,0.538462187,0.501124088,0.482765856,0.551736904,0.551736904,0.696945883
0.396746052,0.332878397,0.212247136,0.364812224,0.352141163,0.318687495,0.340810124,0.370865491,0.313957195,0.313957195,0.212247136
0.184291229,0.300236335,0.31943059,0.242263782,0.236724025,0.276048622,0.274084207,0.219521804,0.267986051,0.267986051,0.31943059
0.366616463,0.625864036,0.867918259,0.49624025,0.51230174,0.621565699,0.579103091,0.457104233,0.620132919,0.620132919,0.867918259
0.723547887,0.456890704,0.473219298,0.590219295,0.611598893,0.527637148,0.520594076,0.646079809,0.551219296,0.551219296,0.473219298
0.985233698,0.171616058,0.550477224,0.578424878,0.690663447,0.469735759,0.385341453,0.768220343,0.569108993,0.569108993,0.550477224
0.712298092,0.350052664,0.781478839,0.531175378,0.618682362,0.548470565,0.460664892,0.631133329,0.614609865,0.614609865,0.781478839
0.1882542,0.701586458,0.332593224,0.444920329,0.35554042,0.481005085,0.559096913,0.317528791,0.407477961,0.407477961,0.332593224
0.392849425,0.699858538,0.655481507,0.546353982,0.518085184,0.612012002,0.625010686,0.48053581,0.582729824,0.582729824,0.655481507
0.132384374,0.106082858,0.899437836,0.119233616,0.234448721,0.310996982,0.15893939,0.171316574,0.379301689,0.379301689,0.899437836
0.473078857,0.052346532,0.936744861,0.262712695,0.419107622,0.378629195,0.203365804,0.401357487,0.487390083,0.487390083,0.936744861
0.644726597,0.631023089,0.060756451,0.637874843,0.557387002,0.491882307,0.600702348,0.607151057,0.445502046,0.445502046,0.060756451
0.238277675,0.478998358,0.55460955,0.358638016,0.35224528,0.437720985,0.426805914,0.313525593,0.423961861,0.423961861,0.55460955
0.014089611,0.592437735,0.139465894,0.303263673,0.19724283,0.334607744,0.429710421,0.157546598,0.248664413,0.248664413,0.139465894
0.133817083,0.441273252,0.042541822,0.287545168,0.20862238,0.264726352,0.345475834,0.200790578,0.205877386,0.205877386,0.042541822
0.077161546,0.438115371,0.693404296,0.257638458,0.268325889,0.411699146,0.368202055,0.198341431,0.402893738,0.402893738,0.693404296
0.256406883,0.53700409,0.302486334,0.396705487,0.343160292,0.408225349,0.457186056,0.325140311,0.365299102,0.365299102,0.302486334
0.332339907,0.741517616,0.110568571,0.536928762,0.417566205,0.481485928,0.608125859,0.415571643,0.394808698,0.394808698,0.110568571
0.534646649,0.649035522,0.133238577,0.591841085,0.509985174,0.491489067,0.591779496,0.537949438,0.438973583,0.438973583,0.133238577
0.143312524,0.500282539,0.506652432,0.321797531,0.297209658,0.412632509,0.416664294,0.248678404,0.383415832,0.383415832,0.506652432
0.384233325,0.304903181,0.850541497,0.344568253,0.428183023,0.461145296,0.355665469,0.392997301,0.513226001,0.513226001,0.850541497
0.593683959,0.693841508,0.739882852,0.643762733,0.643185958,0.680312457,0.67298334,0.625850376,0.675802773,0.675802773,0.739882852
0.864569645,0.220941117,0.917908834,0.542755381,0.688295664,0.556090178,0.413381225,0.716265238,0.667806532,0.667806532,0.917908834
0.829521184,0.025274808,0.163223579,0.427397996,0.504551133,0.260823595,0.222623883,0.601092766,0.339339857,0.339339857,0.163223579
0.693536463,0.159813921,0.031677077,0.426675192,0.446492967,0.261210346,0.277858234,0.529021783,0.295009154,0.295009154,0.031677077
0.46006606,0.778984952,0.017345514,0.619525506,0.487939951,0.508845369,0.659142893,0.509063414,0.418798842,0.418798842,0.017345514
0.184778854,0.156152884,0.512066093,0.170465869,0.223355325,0.252287679,0.183824477,0.197295522,0.28433261,0.28433261,0.512066093
0.963781329,0.059499053,0.414719556,0.511640191,0.626977569,0.374374748,0.293166677,0.718711278,0.479333313,0.479333313,0.414719556
0.470197403,0.181713608,0.125150707,0.325955506,0.338481077,0.239693832,0.246264918,0.382021999,0.259020573,0.259020573,0.125150707
0.599406123,0.823971845,0.540573119,0.711688984,0.655163043,0.696980733,0.754462339,0.648784352,0.654650363,0.654650363,0.540573119
0.708421896,0.185769458,0.378856925,0.447095677,0.512011918,0.364704434,0.320104588,0.566058677,0.424349426,0.424349426,0.378856925
0.665163164,0.189525477,0.617536422,0.427344321,0.522462862,0.415437635,0.326617341,0.550446841,0.490741688,0.490741688,0.617536422
0.181619747,0.216696917,0.87875337,0.199158332,0.291232313,0.373441738,0.247387963,0.230881059,0.425690012,0.425690012,0.87875337
0.901756414,0.520327293,0.250342345,0.711041853,0.699717513,0.548188336,0.594193854,0.773689911,0.557475351,0.557475351,0.250342345
0.873734985,0.78846006,0.192987972,0.831097522,0.752121147,0.660910769,0.773496978,0.813626355,0.618394339,0.618394339,0.192987972
0.922285159,0.303980132,0.529842453,0.613132645,0.689563336,0.515021969,0.462749686,0.753716758,0.585369248,0.585369248,0.529842453
0.103646349,0.235248588,0.255945235,0.169447469,0.163003973,0.20752219,0.205500805,0.14357034,0.198280058,0.198280058,0.255945235
0.509447309,0.332895995,0.93100361,0.421171652,0.519226405,0.526560727,0.409620281,0.492703253,0.591115638,0.591115638,0.93100361
0.810909855,0.32464311,0.197037179,0.567776483,0.584280403,0.414308314,0.431552584,0.660383993,0.444196715,0.444196715,0.197037179
0.387787768,0.95920111,0.709455884,0.673494439,0.597001311,0.753911468,0.810060017,0.54115962,0.685481587,0.685481587,0.709455884
0.463741207,0.806531848,0.94489794,0.635136528,0.630418066,0.755425711,0.734014409,0.572701165,0.738390332,0.738390332,0.94489794
0.812930196,0.231390742,0.348878952,0.522160469,0.580483031,0.406147658,0.375134626,0.648800251,0.464399963,0.464399963,0.348878952
0.425717892,0.961022171,0.820983441,0.693370032,0.635128479,0.792186419,0.826830651,0.574922755,0.735907835,0.735907835,0.820983441
0.793896564,0.13934883,0.826721102,0.466622697,0.611572146,0.474828832,0.333793725,0.641816188,0.586655499,0.586655499,0.826721102
0.536838599,0.036253296,0.128496701,0.286545947,0.33547967,0.184460473,0.159464156,0.39503371,0.233862865,0.233862865,0.128496701
0.379540873,0.447659896,0.686980233,0.413600385,0.44292336,0.490460225,0.445709558,0.413653547,0.504727001,0.504727001,0.686980233
0.914688263,0.286295233,0.827409354,0.600491748,0.722678982,0.578672021,0.465982659,0.761697026,0.67613095,0.67613095,0.827409354
0.886837603,0.83131902,0.600427921,0.859078312,0.830059482,0.787475891,0.830800387,0.856926779,0.772861515,0.772861515,0.600427921
0.199875833,0.309067241,0.315326146,0.254471537,0.24756628,0.283334116,0.283743316,0.232359124,0.274756407,0.274756407,0.315326146
0.399081727,0.847573748,0.658509228,0.623327738,0.564283376,0.688184613,0.730924771,0.519869703,0.635054901,0.635054901,0.658509228
0.650658277,0.603149688,0.497292729,0.626903982,0.615175031,0.588562596,0.6081013,0.630458283,0.583700231,0.583700231,0.497292729
0.299965971,0.841929248,0.208021617,0.570947609,0.441677714,0.547961521,0.677119793,0.422078251,0.449972279,0.449972279,0.208021617
0.664694005,0.27813368,0.851602864,0.471413843,0.580949463,0.518141057,0.402822532,0.584733273,0.598143516,0.598143516,0.851602864
0.741665121,0.343224389,0.486092454,0.542444755,0.591314531,0.478551588,0.445379153,0.632880674,0.523660655,0.523660655,0.486092454
0.009973226,0.755921596,0.754405924,0.382947411,0.32944886,0.569055585,0.580315175,0.229280648,0.506766915,0.506766915,0.754405924
0.125774253,0.742975549,0.859991021,0.434374901,0.40700559,0.617929093,0.604634977,0.314187309,0.576246941,0.576246941,0.859991021
0.282847746,0.754242442,0.013119783,0.518545094,0.378999379,0.451113103,0.599730592,0.377897795,0.35006999,0.35006999,0.013119783
0.327464181,0.738960631,0.880751176,0.533212406,0.524075594,0.671534155,0.650478557,0.456833169,0.649058662,0.649058662,0.880751176
0.970692508,0.897973448,0.83531781,0.934332978,0.930576391,0.900489304,0.911398189,0.945618923,0.901327922,0.901327922,0.83531781
0.469164395,0.893048213,0.760929341,0.681106304,0.631954764,0.75404754,0.785539145,0.586064408,0.707713983,0.707713983,0.760929341
0.458147135,0.288567789,0.93884703,0.373357462,0.478367307,0.493532436,0.366720532,0.446522577,0.561853985,0.561853985,0.93884703
0.900147109,0.839699565,0.022860684,0.869923337,0.75754975,0.650601731,0.805873171,0.834319074,0.587569119,0.587569119,0.022860684
0.173982072,0.216983043,0.067728147,0.195482558,0.171088932,0.168919076,0.198085468,0.177849717,0.152897754,0.152897754,0.067728147
0.981525387,0.868073016,0.165863798,0.924799201,0.83258734,0.720883804,0.853461267,0.906850618,0.671820734,0.671820734,0.165863798
0.662885832,0.399196851,0.431783144,0.531041342,0.554531454,0.47326567,0.463158158,0.58724709,0.497955276,0.497955276,0.431783144
0.03284257,0.711946733,0.299866452,0.372394652,0.2650186,0.439150622,0.527917502,0.208339072,0.348218585,0.348218585,0.299866452
0.145702856,0.853702641,0.359009788,0.499702748,0.378460927,0.553029481,0.658014876,0.324838507,0.452805095,0.452805095,0.359009788
0.930529308,0.151127555,0.723866321,0.540828432,0.678319809,0.489162685,0.368206719,0.734984014,0.601841061,0.601841061,0.723866321
0.094688821,0.829292032,0.845362367,0.461990427,0.411814531,0.649658813,0.657389532,0.311693903,0.589781073,0.589781073,0.845362367
0.400333621,0.335078227,0.083431243,0.367705924,0.336417454,0.288480329,0.335629673,0.366338094,0.272947697,0.272947697,0.083431243
0.292470431,0.614557068,0.833972911,0.453513749,0.461852681,0.588889369,0.551678791,0.400108609,0.58033347,0.58033347,0.833972911
0.928470492,0.651328076,0.89213617,0.789899284,0.844096327,0.780815703,0.730703238,0.861123198,0.823978246,0.823978246,0.89213617
0.507394632,0.235980333,0.800841614,0.371687483,0.471768687,0.445049228,0.333069655,0.460794031,0.51473886,0.51473886,0.800841614
0.416744913,0.488428005,0.390773451,0.452586459,0.433515587,0.446093594,0.46581701,0.43208379,0.431982123,0.431982123,0.390773451
0.632836511,0.619504811,0.124548624,0.626170661,0.556414899,0.49909869,0.593526612,0.599800353,0.458963316,0.458963316,0.124548624
0.718606352,0.395432536,0.265498948,0.557019444,0.561541347,0.443742593,0.463830282,0.615912078,0.459845946,0.459845946,0.265498948
0.30555942,0.14871608,0.947820983,0.22713775,0.352498689,0.387703141,0.232626566,0.306435197,0.467365495,0.467365495,0.947820983
0.99310344,0.276656789,0.731498828,0.634880115,0.75103231,0.569478962,0.471987886,0.809139251,0.667086353,0.667086353,0.731498828
0.228772836,0.69929085,0.959231647,0.464031843,0.467557813,0.646646546,0.603871364,0.382451123,0.629098445,0.629098445,0.959231647
0.684061828,0.470802843,0.250534636,0.577432336,0.561198234,0.469050538,0.508024474,0.608381644,0.468466436,0.468466436,0.250534636
0.766824252,0.494583989,0.900854178,0.63070412,0.708188452,0.664211602,0.582538767,0.710651832,0.720754139,0.720754139,0.900854178
0.055757446,0.045060408,0.130633023,0.050408927,0.06339766,0.069127821,0.052611041,0.057644941,0.077150292,0.077150292,0.130633023
0.805913848,0.958010992,0.054526352,0.88196242,0.742029104,0.694115546,0.869077274,0.797502147,0.606150398,0.606150398,0.054526352
0.450385015,0.407497448,0.034714458,0.428941231,0.378749916,0.325023592,0.395660229,0.415842614,0.297532307,0.297532307,0.034714458
0.540451766,0.859469572,0.429214308,0.699960669,0.615708645,0.672151304,0.759097425,0.608971399,0.609711882,0.609711882,0.429214308
0.215903971,0.669584041,0.430450969,0.442744006,0.376176419,0.496380755,0.548769138,0.335272634,0.438646327,0.438646327,0.430450969
0.617929737,0.825923173,0.174874757,0.721926455,0.614062864,0.61116271,0.738686575,0.640807311,0.539575889,0.539575889,0.174874757
0.844740435,0.939125658,0.824897629,0.891933047,0.868872955,0.886972345,0.910198074,0.865781499,0.869587907,0.869587907,0.824897629
0.580606316,0.971990874,0.275293254,0.776298595,0.648814323,0.699970329,0.838918177,0.654737208,0.609296814,0.609296814,0.275293254
0.084209155,0.49583446,0.7190623,0.290021807,0.292509691,0.448735094,0.412112496,0.21840647,0.433035305,0.433035305,0.7190623
0.07351155,0.040502961,0.397706757,0.057007255,0.110394125,0.138056057,0.069281675,0.084815129,0.170573756,0.170573756,0.397706757
0.924819293,0.73216366,0.400034095,0.828491477,0.794805512,0.697295177,0.757957364,0.848618838,0.685672349,0.685672349,0.400034095
0.405539547,0.476175672,0.693103231,0.44085761,0.466801823,0.512748531,0.472315852,0.439075323,0.524939483,0.524939483,0.693103231
0.468346607,0.628759712,0.433708794,0.548553159,0.509230664,0.539893706,0.579541868,0.504053348,0.510271704,0.510271704,0.433708794
0.169634042,0.065718374,0.268143955,0.117676208,0.154016696,0.142303686,0.102076506,0.150977997,0.167832124,0.167832124,0.268143955
0.551838638,0.999976604,0.390951472,0.775907621,0.656894176,0.73568583,0.858707369,0.647818915,0.647588905,0.647588905,0.390951472
0.195185824,0.855424326,0.684290293,0.525305075,0.453697463,0.647581192,0.690007383,0.379306911,0.578300148,0.578300148,0.684290293
0.327226342,0.023827668,0.681373363,0.175527005,0.291133438,0.26406376,0.13389475,0.276670596,0.344142458,0.344142458,0.681373363
0.964106438,0.350443842,0.029288246,0.65727514,0.655228812,0.423570592,0.475943536,0.764725934,0.447946176,0.447946176,0.029288246
0.104791782,0.614941857,0.260040977,0.359866819,0.272727403,0.398679118,0.474030023,0.233959399,0.326591539,0.326591539,0.260040977
0.548854774,0.237380475,0.800947846,0.393117624,0.495875413,0.456140892,0.343819567,0.490395708,0.529061032,0.529061032,0.800947846
0.156994623,0.120493676,0.819920709,0.13874415,0.241269508,0.304475671,0.170224901,0.187401817,0.365803003,0.365803003,0.819920709
0.078458601,0.192653847,0.47675427,0.135556224,0.167985195,0.235130141,0.182496167,0.128757228,0.249288906,0.249288906,0.47675427
0.472924266,0.371944295,0.047177275,0.422434281,0.383251847,0.315997533,0.376600346,0.424120333,0.297348612,0.297348612,0.047177275
0.376270549,0.159083173,0.542945561,0.267676861,0.338027729,0.309345614,0.232766226,0.334972049,0.359433094,0.359433094,0.542945561
0.149387624,0.119333509,0.026137089,0.134360567,0.123193515,0.103547933,0.120922923,0.135066036,0.098286074,0.098286074,0.026137089
0.009099236,0.18081831,0.787090673,0.094958773,0.169303462,0.289456632,0.176076902,0.095267926,0.325669406,0.325669406,0.787090673
0.354462635,0.444732866,0.03431287,0.399597751,0.334518449,0.319560309,0.399350459,0.35687035,0.277836124,0.277836124,0.03431287
0.22722355,0.263952954,0.384016494,0.245588252,0.260116658,0.284786488,0.262373302,0.245088877,0.291730999,0.291730999,0.384016494
0.02293062,0.07267687,0.115618401,0.047803745,0.050384946,0.070975691,0.063497843,0.040087843,0.070408631,0.070408631,0.115618401
0.538257024,0.48518477,0.789114909,0.511720897,0.558930363,0.574435368,0.515550602,0.540525781,0.604185568,0.604185568,0.789114909
